PROBATION_AREA_DESCRIPTION,PAR_Trim,NOMS_REGION_DESCRIPTION,prob_area,NPS_Division,CRC_Area,NPS_CRC_NAME,SUP_BODY
Avon & Somerset,Avon & Somerset,South West,Avon & Somerset                                                          ,South West,,South West,a. Probation Trust
"PS - Barking, Dagenham & Havering","PS - Barking, Dagenham & Havering",PS-London,"Barking, Dagenham & Havering",London,,London,b. PS
PS - Barnet,PS - Barnet,PS-London,Barnet,London,,London,b. PS
PS - Barnsley,PS - Barnsley,PS-Yorkshire and The Humber,Barnsley,Yorkshire and The Humber,,Yorkshire and The Humber,b. PS
PS - Bath and North Somerset,PS - Bath and North Somerset,PS-South West,Bath and North Somerset,South West,,South West,b. PS
PS - Bedfordshire,PS - Bedfordshire,PS-East of England,Bedfordshire,East of England,,East of England,b. PS
Bedfordshire,Bedfordshire,East of England,Bedfordshire                                                             ,South East & Eastern,,East of England,a. Probation Trust
PS - Bexley,PS - Bexley,PS-London,Bexley,London,,London,b. PS
PS - Birmingham Central and South,PS - Birmingham Central and South,PS-West Midlands,Birmingham Central and South,West Midlands,,West Midlands,b. PS
PS - Birmingham North and East,PS - Birmingham North and East,PS-West Midlands,Birmingham North and East,West Midlands,,West Midlands,b. PS
PS - Blackburn and Darwen,PS - Blackburn and Darwen,PS-North West,Blackburn and Darwen,North West,,North West,b. PS
PS - Blackpool,PS - Blackpool,PS-North West,Blackpool,North West,,North West,b. PS
PS - Bolton,PS - Bolton,PS-Greater Manchester,Bolton,Greater Manchester,,Greater Manchester,b. PS
PS - Bradford,PS - Bradford,PS-Yorkshire and The Humber,Bradford,Yorkshire and The Humber,,Yorkshire and The Humber,b. PS
PS - Brent,PS - Brent,PS-London,Brent,London,,London,b. PS
PS - Brighton and East Sussex,PS - Brighton and East Sussex,PS-Kent Surrey Sussex,Brighton and East Sussex,Kent Surrey Sussex,,Kent Surrey Sussex,b. PS
PS - Bristol and South Gloucestershire,PS - Bristol and South Gloucestershire,PS-South West,Bristol and South Gloucestershire,South West,,South West,b. PS
PS - Bromley,PS - Bromley,PS-London,Bromley,London,,London,b. PS
PS - Buckinghamshire & M Keynes,PS - Buckinghamshire & M Keynes,PS-South Central,Buckinghamshire & M Keynes,South Central,,South Central,b. PS
PS - Burnley,PS - Burnley,PS-North West,Burnley,North West,,North West,b. PS
PS - Bury,PS - Bury,PS-Greater Manchester,Bury,Greater Manchester,,Greater Manchester,b. PS
PS - Calderdale,PS - Calderdale,PS-Yorkshire and The Humber,Calderdale,Yorkshire and The Humber,,Yorkshire and The Humber,b. PS
Cambridgeshire,Cambridgeshire,East of England,Cambridgeshire                                                           ,South East & Eastern,,East of England,a. Probation Trust
PS - Cambridgeshire and Peterborough,PS - Cambridgeshire and Peterborough,PS-East of England,Cambridgeshire and Peterborough,East of England,,East of England,b. PS
PS - Camden & Islington,PS - Camden & Islington,PS-London,Camden & Islington,London,,London,b. PS
PS - Cardiff and Vale,PS - Cardiff and Vale,PS-Wales,Cardiff and Vale,Wales,,Wales,b. PS
Central Audit Team,Central Audit Team,Not Specified,Central Audit Team,Central Audit Team,,Unassigned,b. PS
Cheshire,Cheshire,North West,Cheshire                                                                 ,North West,,North West,a. Probation Trust
PS - Chester,PS - Chester,PS-North West,Chester,North West,,North West,b. PS
PS - Chorley,PS - Chorley,PS-North West,Chorley,North West,,North West,b. PS
Teesside,Teesside,North East,Cleveland/Teesside,North East,,North West,a. Probation Trust
PS - Cornwall and Isles of Scilly,PS - Cornwall and Isles of Scilly,PS-South West,Cornwall and Isles of Scilly,South West,,South West,b. PS
PS - Coventry,PS - Coventry,PS-West Midlands,Coventry,West Midlands,,West Midlands,b. PS
"CRC - Beds, Northants, Cambs & Herts","CRC - Beds, Northants, Cambs & Herts",CRC,"CRC - Beds, Northants, Cambs & Herts",South East & Eastern,"Bedforshire, Northamptonshire, Cambridgeshire & Hertfordshire","Bedforshire, Northamptonshire, Cambridgeshire & Hertfordshire",c. CRC
"CRC - Bristol, Gloucestershire, Somerset & Wilts","CRC - Bristol, Gloucestershire, Somerset & Wilts",CRC,"CRC - Bristol, Gloucestershire, Somerset & Wilts",South West,"Bristol, Gloucestershire, Somerset & Wiltshire","Bristol, Gloucestershire, Somerset & Wiltshire",c. CRC
CRC - Cheshire & Greater Manchester,CRC - Cheshire & Greater Manchester,CRC,CRC - Cheshire & Greater Manchester,North West,Cheshire & Greater Manchester,Cheshire & Greater Manchester,c. CRC
CRC - Cumbria & Lancashire,CRC - Cumbria & Lancashire,CRC,CRC - Cumbria & Lancashire,North West,Cumbria & Lancashire,Cumbria & Lancashire,c. CRC
"CRC - Derbys, Leics, Notts & Rutland","CRC - Derbys, Leics, Notts & Rutland",CRC,"CRC - Derbys, Leics, Notts & Rutland",Midlands,"Derbyshire, Leicestershire, Nottinghamshire & Rutland","Derbyshire, Leicestershire, Nottinghamshire & Rutland",c. CRC
"CRC - Dorset, Devon & Cornwall","CRC - Dorset, Devon & Cornwall",CRC,"CRC - Dorset, Devon & Cornwall",South West,"Dorset, Devon & Cornwall","Dorset, Devon & Cornwall",c. CRC
CRC - Durham Tees Valley,CRC - Durham Tees Valley,CRC,CRC - Durham Tees Valley,North East,Durham Tees Valley,Durham Tees Valley,c. CRC
CRC - Essex,CRC - Essex,CRC,CRC - Essex,South East & Eastern,Essex,Essex,c. CRC
CRC - Hampshire & Isle of Wight,CRC - Hampshire & Isle of Wight,CRC,CRC - Hampshire & Isle of Wight,South West,Hampshire & Isle of Wight,Hampshire & Isle of Wight,c. CRC
"CRC - Humberside, Lincs & North Yorks","CRC - Humberside, Lincs & North Yorks",CRC,"CRC - Humberside, Lincs & North Yorks",North East,"Humberside, Lincolnshire & North Yorkshire","Humberside, Lincolnshire & North Yorkshire",c. CRC
"CRC - Kent, Surrey & Sussex","CRC - Kent, Surrey & Sussex",CRC,"CRC - Kent, Surrey & Sussex",South East & Eastern,"Kent, Surrey & Sussex","Kent, Surrey & Sussex",c. CRC
CRC - London,CRC - London,CRC,CRC - London,London,London,LondonLondon - NPS,c. CRC
CRC - Merseyside,CRC - Merseyside,CRC,CRC - Merseyside,North West,Merseyside,Merseyside,c. CRC
CRC - Norfolk & Suffolk,CRC - Norfolk & Suffolk,CRC,CRC - Norfolk & Suffolk,South East & Eastern,Norfolk & Suffolk,Norfolk & Suffolk,c. CRC
CRC - Northumbria,CRC - Northumbria,CRC,CRC - Northumbria,North East,Northumbria,Northumbria,c. CRC
CRC - South Yorkshire,CRC - South Yorkshire,CRC,CRC - South Yorkshire,North East,South Yorkshire,South Yorkshire,c. CRC
CRC - Staffordshire & West Midlands,CRC - Staffordshire & West Midlands,CRC,CRC - Staffordshire & West Midlands,Midlands,Staffordshire & West Midlands,Staffordshire & West Midlands,c. CRC
CRC - Thames Valley,CRC - Thames Valley,CRC,CRC - Thames Valley,South West,Thames Valley,Thames Valley,c. CRC
CRC - Wales,CRC - Wales,CRC,CRC - Wales,Wales,Wales,WalesWales - NPS,c. CRC
CRC - Warwickshire & West Mercia,CRC - Warwickshire & West Mercia,CRC,CRC - Warwickshire & West Mercia,Midlands,Warwickshire & West Mercia,Warwickshire & West Mercia,c. CRC
CRC - West Yorkshire,CRC - West Yorkshire,CRC,CRC - West Yorkshire,North East,West Yorkshire,West Yorkshire,c. CRC
PS - Crewe,PS - Crewe,PS-North West,Crewe,North West,,North West,b. PS
PS - Croydon,PS - Croydon,PS-London,Croydon,London,,London,b. PS
PS - Cumbria,PS - Cumbria,PS-North West,Cumbria,North West,,North West,b. PS
Cumbria,Cumbria,North West,Cumbria                                                                  ,North West,,North West,a. Probation Trust
PS - Cwm Taf Morgannwg,PS - Cwm Taf Morgannwg,PS-Wales,Cwm Taf Morgannwg,Wales,,Wales,b. PS
PS - Derby City,PS - Derby City,PS-East Midlands,Derby City,East Midlands,,East Midlands,b. PS
PS - Derbyshire,PS - Derbyshire,PS-East Midlands,Derbyshire,East Midlands,,East Midlands,b. PS
Derbyshire,Derbyshire,East Midlands,Derbyshire                                                               ,Midlands,,East Midlands,a. Probation Trust
Devon & Cornwall,Devon & Cornwall,South West,Devon & Cornwall,South West,,South West,a. Probation Trust
PS - Devon and Torbay,PS - Devon and Torbay,PS-South West,Devon and Torbay,South West,,South West,b. PS
PS - Doncaster,PS - Doncaster,PS-Yorkshire and The Humber,Doncaster,Yorkshire and The Humber,,Yorkshire and The Humber,b. PS
PS - Dorset,PS - Dorset,PS-South West,Dorset,South West,,South West,b. PS
Dorset,Dorset,South West,Dorset                                                                   ,South West,,South West,a. Probation Trust
PS - Dudley,PS - Dudley,PS-West Midlands,Dudley,West Midlands,,West Midlands,b. PS
PS - Durham,PS - Durham,PS-North East,Durham,North East,,North East,b. PS
Durham,Durham,North East,Durham & Darlington,North East,,North West,a. Probation Trust
PS - Dyfed-Powys,PS - Dyfed-Powys,PS-Wales,Dyfed-Powys,Wales,,Wales,b. PS
Dyfed-Powys,Dyfed-Powys,Wales,Dyfed-Powys                                                              ,Wales,,Wales,a. Probation Trust
PS - Ealing,PS - Ealing,PS-London,Ealing,London,,London,b. PS
PS - East Berkshire,PS - East Berkshire,PS-South Central,East Berkshire,South Central,,South Central,b. PS
PS - East Cheshire,PS - East Cheshire,PS-North West,East Cheshire,North West,,North West,b. PS
PS - East Kent,PS - East Kent,PS-Kent Surrey Sussex,East Kent,Kent Surrey Sussex,,Kent Surrey Sussex,b. PS
PS - East Lancashire,PS - East Lancashire,PS-North West,East Lancashire,North West,,North West,b. PS
PS - East Riding,PS - East Riding,PS-Yorkshire and The Humber,East Riding,Yorkshire and The Humber,,Yorkshire and The Humber,b. PS
PS - Enfield,PS - Enfield,PS-London,Enfield,London,,London,b. PS
Essex,Essex,East of England,Essex                                                                    ,South East & Eastern,,East of England,a. Probation Trust
PS - Essex North,PS - Essex North,PS-East of England,Essex North,East of England,,East of England,b. PS
PS - Essex South,PS - Essex South,PS-East of England,Essex South,East of England,,East of England,b. PS
PS - Gateshead,PS - Gateshead,PS-North East,Gateshead,North East,,North East,b. PS
Gloucestershire,Gloucestershire,South West,Gloucestershire,South West,,South West,a. Probation Trust
PS - Gloucestershire,PS - Gloucestershire,PS-South West,Gloucestershire,South West,,South West,b. PS
Greater Manchester - All,Greater Manchester - All,North West,Greater Manchester,North West,,North West,a. Probation Trust
Greater Manchester - Bolton,Greater Manchester - Bolton,North West,Greater Manchester,North West,,North West,a. Probation Trust
Greater Manchester - Bury,Greater Manchester - Bury,North West,Greater Manchester,North West,,North West,a. Probation Trust
Greater Manchester - Cheetham Hill,Greater Manchester - Cheetham Hill,North West,Greater Manchester,North West,,North West,a. Probation Trust
Greater Manchester - Manchester,Greater Manchester - Manchester,North West,Greater Manchester,North West,,North West,a. Probation Trust
Greater Manchester - Oldham,Greater Manchester - Oldham,North West,Greater Manchester,North West,,North West,a. Probation Trust
Greater Manchester - Rochdale,Greater Manchester - Rochdale,North West,Greater Manchester,North West,,North West,a. Probation Trust
Greater Manchester - Salford,Greater Manchester - Salford,North West,Greater Manchester,North West,,North West,a. Probation Trust
Greater Manchester - Stockport,Greater Manchester - Stockport,North West,Greater Manchester,North West,,North West,a. Probation Trust
Greater Manchester - Tameside,Greater Manchester - Tameside,North West,Greater Manchester,North West,,North West,a. Probation Trust
Greater Manchester - Trafford,Greater Manchester - Trafford,North West,Greater Manchester,North West,,North West,a. Probation Trust
Greater Manchester - Wigan,Greater Manchester - Wigan,North West,Greater Manchester,North West,,North West,a. Probation Trust
Greater Manchester - Wythenshawe,Greater Manchester - Wythenshawe,North West,Greater Manchester,North West,,North West,a. Probation Trust
PS - Greenwich,PS - Greenwich,PS-London,Greenwich,London,,London,b. PS
PS - Gwent,PS - Gwent,PS-Wales,Gwent,Wales,,Wales,b. PS
Gwent,Gwent,Wales,Gwent                                                                    ,Wales,,Wales,a. Probation Trust
PS - Hackney,PS - Hackney,PS-London,Hackney,London,,London,b. PS
PS - Halton,PS - Halton,PS-North West,Halton,North West,,North West,b. PS
PS - Hammersmith & Fulham,PS - Hammersmith & Fulham,PS-London,Hammersmith & Fulham,London,,London,b. PS
Hampshire,Hampshire,South East,Hampshire & Isle of Wight,South West,,South East,a. Probation Trust
PS - Hampshire North and East,PS - Hampshire North and East,PS-South Central,Hampshire North and East,South Central,,South Central,b. PS
PS - Haringey,PS - Haringey,PS-London,Haringey,London,,London,b. PS
PS - Harrow,PS - Harrow,PS-London,Harrow,London,,London,b. PS
PS - Hartlepool,PS - Hartlepool,PS-North East,Hartlepool,North East,,North East,b. PS
PS - Herefordshire,PS - Herefordshire,PS-West Midlands,Herefordshire,West Midlands,,West Midlands,b. PS
PS - Hertfordshire,PS - Hertfordshire,PS-East of England,Hertfordshire,East of England,,East of England,b. PS
Hertfordshire,Hertfordshire,East of England,Hertfordshire                                                            ,South East & Eastern,,East of England,a. Probation Trust
PS - Hillingdon,PS - Hillingdon,PS-London,Hillingdon,London,,London,b. PS
PS - Hounslow,PS - Hounslow,PS-London,Hounslow,London,,London,b. PS
PS - Hull,PS - Hull,PS-Yorkshire and The Humber,Hull,Yorkshire and The Humber,,Yorkshire and The Humber,b. PS
Humberside,Humberside,Yorkshire and Humberside,Humberside                                                               ,North East,,Yorkshire and The Humber,a. Probation Trust
"PS - Kensington, Chelsea & Westminster","PS - Kensington, Chelsea & Westminster",PS-London,"Kensington, Chelsea & Westminster",London,,London,b. PS
Kent,Kent,South East,Kent                                                                     ,South East & Eastern,,South East,a. Probation Trust
PS - Kingston & Richmond,PS - Kingston & Richmond,PS-London,Kingston & Richmond,London,,London,b. PS
PS - Kirklees,PS - Kirklees,PS-Yorkshire and The Humber,Kirklees,Yorkshire and The Humber,,Yorkshire and The Humber,b. PS
PS - Knowsley,PS - Knowsley,PS-North West,Knowsley,North West,,North West,b. PS
PS - Lambeth,PS - Lambeth,PS-London,Lambeth,London,,London,b. PS
Lancashire,Lancashire,North West,Lancashire                                                               ,North West,,North West,a. Probation Trust
PS - Lancaster,PS - Lancaster,PS-North West,Lancaster,North West,,North West,b. PS
PS - Leeds,PS - Leeds,PS-Yorkshire and The Humber,Leeds,Yorkshire and The Humber,,Yorkshire and The Humber,b. PS
PS - Leicester,PS - Leicester,PS-East Midlands,Leicester,East Midlands,,East Midlands,b. PS
Leicestershire & Rutland,Leicestershire & Rutland,East Midlands,Leicestershire,Midlands,,East Midlands,a. Probation Trust
PS - Leicestershire and Rutland,PS - Leicestershire and Rutland,PS-East Midlands,Leicestershire and Rutland,East Midlands,,East Midlands,b. PS
PS - Lewisham,PS - Lewisham,PS-London,Lewisham,London,,London,b. PS
Lincolnshire,Lincolnshire,East Midlands,Lincolnshire                                                             ,North East,,East Midlands,a. Probation Trust
PS - Lincolnshire East,PS - Lincolnshire East,PS-East Midlands,Lincolnshire East,East Midlands,,East Midlands,b. PS
PS - Lincolnshire West,PS - Lincolnshire West,PS-East Midlands,Lincolnshire West,East Midlands,,East Midlands,b. PS
PS - Liverpool North,PS - Liverpool North,PS-North West,Liverpool North,North West,,North West,b. PS
PS - Liverpool South,PS - Liverpool South,PS-North West,Liverpool South,North West,,North West,b. PS
London - All,London - All,London,London,London,,London,a. Probation Trust
London - Barking & Dagenham,London - Barking & Dagenham,London,London,London,,London,a. Probation Trust
London - Barnet,London - Barnet,London,London,London,,London,a. Probation Trust
London - Bexley,London - Bexley,London,London,London,,London,a. Probation Trust
London - Brent,London - Brent,London,London,London,,London,a. Probation Trust
London - Bromley,London - Bromley,London,London,London,,London,a. Probation Trust
London - Camden,London - Camden,London,London,London,,London,a. Probation Trust
London - Croydon ,London - Croydon,London,London,London,,London,a. Probation Trust
London - Ealing,London - Ealing,London,London,London,,London,a. Probation Trust
London - Enfield,London - Enfield,London,London,London,,London,a. Probation Trust
London - Greenwich,London - Greenwich,London,London,London,,London,a. Probation Trust
London - Hackney,London - Hackney,London,London,London,,London,a. Probation Trust
London - Hammersmith & Fulham,London - Hammersmith & Fulham,London,London,London,,London,a. Probation Trust
London - Haringey,London - Haringey,London,London,London,,London,a. Probation Trust
London - Harrow,London - Harrow,London,London,London,,London,a. Probation Trust
London - Havering,London - Havering,London,London,London,,London,a. Probation Trust
London - Hillingdon,London - Hillingdon,London,London,London,,London,a. Probation Trust
London - Hounslow,London - Hounslow,London,London,London,,London,a. Probation Trust
London - Islington,London - Islington,London,London,London,,London,a. Probation Trust
London - Kensington & Chelsea,London - Kensington & Chelsea,London,London,London,,London,a. Probation Trust
London - Kingston,London - Kingston,London,London,London,,London,a. Probation Trust
London - Lambeth,London - Lambeth,London,London,London,,London,a. Probation Trust
London - Lewisham,London - Lewisham,London,London,London,,London,a. Probation Trust
London - Merton,London - Merton,London,London,London,,London,a. Probation Trust
London - Newham,London - Newham,London,London,London,,London,a. Probation Trust
London - Redbridge,London - Redbridge,London,London,London,,London,a. Probation Trust
London - Richmond,London - Richmond,London,London,London,,London,a. Probation Trust
London - Southwark,London - Southwark,London,London,London,,London,a. Probation Trust
London - Sutton,London - Sutton,London,London,London,,London,a. Probation Trust
London - Tower Hamlets,London - Tower Hamlets,London,London,London,,London,a. Probation Trust
London - Waltham Forest,London - Waltham Forest,London,London,London,,London,a. Probation Trust
London - Wandsworth,London - Wandsworth,London,London,London,,London,a. Probation Trust
London - Westminster,London - Westminster,London,London,London,,London,a. Probation Trust
NSD - London and Kent Surrey Sussex (London),NSD - London and Kent Surrey Sussex (London),National Security Division,London and Kent Surrey Sussex (London),National Security Division,,National Security Division,b. PS
PS - Macclesfield,PS - Macclesfield,PS-North West,Macclesfield,North West,,North West,b. PS
PS - Manchester North,PS - Manchester North,PS-Greater Manchester,Manchester North,Greater Manchester,,Greater Manchester,b. PS
PS - Manchester South,PS - Manchester South,PS-Greater Manchester,Manchester South,Greater Manchester,,Greater Manchester,b. PS
Merseyside,Merseyside,North West,Merseyside                                                               ,North West,,North West,a. Probation Trust
PS - Merton & Sutton,PS - Merton & Sutton,PS-London,Merton & Sutton,London,,London,b. PS
PS - Middlesbrough,PS - Middlesbrough,PS-North East,Middlesbrough,North East,,North East,b. PS
NSD - Midlands (Birmingham and Leicester),NSD - Midlands (Birmingham and Leicester),National Security Division,Midlands (Birmingham and Leicester),National Security Division,,National Security Division,b. PS
PS - Newcastle Upon Tyne,PS - Newcastle Upon Tyne,PS-North East,Newcastle Upon Tyne,North East,,North East,b. PS
PS - Newham,PS - Newham,PS-London,Newham,London,,London,b. PS
PS - Norfolk,PS - Norfolk,PS-East of England,Norfolk,East of England,,East of England,b. PS
Norfolk,Norfolk,East of England,Norfolk                                                                  ,South East & Eastern,,East of England,a. Probation Trust
NSD - North (Manchester and Leeds),NSD - North (Manchester and Leeds),National Security Division,North (Manchester and Leeds),National Security Division,,National Security Division,b. PS
PS - North Durham,PS - North Durham,PS-North East,North Durham,North East,,North East,b. PS
PS - North East Lincolnshire,PS - North East Lincolnshire,PS-Yorkshire and The Humber,North East Lincolnshire,Yorkshire and The Humber,,Yorkshire and The Humber,b. PS
PS - North Lincolnshire,PS - North Lincolnshire,PS-Yorkshire and The Humber,North Lincolnshire,Yorkshire and The Humber,,Yorkshire and The Humber,b. PS
PS - North Tyneside,PS - North Tyneside,PS-North East,North Tyneside,North East,,North East,b. PS
PS - North Wales,PS - North Wales,PS-Wales,North Wales,Wales,,Wales,b. PS
North Wales,North Wales,Wales,North Wales                                                              ,Wales,,Wales,a. Probation Trust
PS - North Yorkshire,PS - North Yorkshire,PS-Yorkshire and The Humber,North Yorkshire,Yorkshire and The Humber,,Yorkshire and The Humber,b. PS
North Yorkshire,North Yorkshire,Yorkshire and Humberside,North Yorkshire                                                          ,North East,,Yorkshire and The Humber,a. Probation Trust
PS - Northamptonshire,PS - Northamptonshire,PS-East of England,Northamptonshire,East of England,,East of England,b. PS
Northamptonshire,Northamptonshire,East Midlands,Northamptonshire                                                         ,South East & Eastern,,East Midlands,a. Probation Trust
PS - Northumberland,PS - Northumberland,PS-North East,Northumberland,North East,,North East,b. PS
Northumbria,Northumbria,North East,Northumbria                                                              ,North East,,North West,a. Probation Trust
PS - Northwich,PS - Northwich,PS-North West,Northwich,North West,,North West,b. PS
Not Applicable,Not Applicable,Not Specified,Not Applicable,Not Applicable,,Unassigned,b. PS
Not Specified,Not Specified,Not Specified,Not Specified,Unassigned,,Unassigned,b. PS
PS - Nottingham,PS - Nottingham,PS-East Midlands,Nottingham,East Midlands,,East Midlands,b. PS
PS - Nottinghamshire,PS - Nottinghamshire,PS-East Midlands,Nottinghamshire,East Midlands,,East Midlands,b. PS
Nottinghamshire,Nottinghamshire,East Midlands,Nottinghamshire                                                          ,Midlands,,East Midlands,a. Probation Trust
NPS - Barnet & Enfield,NPS - Barnet & Enfield,PS-London,NPS - Barnet & Enfield,London,,London,b. NPS
"NPS - Bassetlaw, Newark & Sherwood","NPS - Bassetlaw, Newark & Sherwood",NPS-Midlands,"NPS - Bassetlaw, Newark & Sherwood",Midlands,,Midlands,b. NPS
NPS - Bath and NE Somerset,NPS - Bath and NE Somerset,PS-South West,NPS - Bath and NE Somerset,South West,,South West,b. NPS
"NPS - Bath, NE Somerset & S Gloucester","NPS - Bath, NE Somerset & S Gloucester",NPS-South West & South Central,"NPS - Bath, NE Somerset & S Gloucester",South West,,South West & South Central,b. NPS
NPS - Bedford and Central,NPS - Bedford and Central,NPS-South East and Eastern,NPS - Bedford and Central,South East & Eastern,,South East & Eastern,b. NPS
NPS - Berkshire,NPS - Berkshire,PS-South Central,NPS - Berkshire,South West,,South Central,b. NPS
NPS - Bexley & Bromley,NPS - Bexley & Bromley,PS-London,NPS - Bexley & Bromley,London,,London,b. NPS
NPS - Birmingham,NPS - Birmingham,PS-West Midlands,NPS - Birmingham,Midlands,,West Midlands,b. NPS
NPS - Blackburn Darwen & Ribble Valley,NPS - Blackburn Darwen & Ribble Valley,PS-North West,NPS - Blackburn Darwen & Ribble Valley,North West,,North West,b. NPS
NPS - Bournemouth & Poole,NPS - Bournemouth & Poole,NPS-South West & South Central,NPS - Bournemouth & Poole,South West,,South West & South Central,b. NPS
NPS - Brighton,NPS - Brighton,NPS-South East and Eastern,NPS - Brighton,South East & Eastern,,South East & Eastern,b. NPS
NPS - Brighton & East Sussex,NPS - Brighton & East Sussex,NPS-South East and Eastern,NPS - Brighton & East Sussex,South East & Eastern,,South East & Eastern,b. NPS
NPS - Bristol,NPS - Bristol,PS-South West,NPS - Bristol,South West,,South West,b. NPS
NPS - Broxbourne,NPS - Broxbourne,NPS-South East and Eastern,NPS - Broxbourne,South East & Eastern,,South East & Eastern,b. NPS
NPS - Buckinghamshire,NPS - Buckinghamshire,NPS-South West & South Central,NPS - Buckinghamshire,South West,,South West & South Central,b. NPS
NPS - Buckinghamshire & Oxfordshire,NPS - Buckinghamshire & Oxfordshire,PS-South Central,NPS - Buckinghamshire & Oxfordshire,South West,,South Central,b. NPS
NPS - Central and West Kent,NPS - Central and West Kent,NPS-South East and Eastern,NPS - Central and West Kent,South East & Eastern,,South East & Eastern,b. NPS
NPS - Central Herts,NPS - Central Herts,NPS-South East and Eastern,NPS - Central Herts,South East & Eastern,,South East & Eastern,b. NPS
NPS - Central Lancashire,NPS - Central Lancashire,PS-North West,NPS - Central Lancashire,North West,,North West,b. NPS
NPS - Cornwall & Isles of Scilly,NPS - Cornwall & Isles of Scilly,NPS-South West & South Central,NPS - Cornwall & Isles of Scilly,South West,,South West & South Central,b. NPS
NPS - Dorset County,NPS - Dorset County,NPS-South West & South Central,NPS - Dorset County,South West,,South West & South Central,b. NPS
NPS - East Berkshire,NPS - East Berkshire,NPS-South West & South Central,NPS - East Berkshire,South West,,South West & South Central,b. NPS
NPS - East Kent,NPS - East Kent,NPS-South East and Eastern,NPS - East Kent,South East & Eastern,,South East & Eastern,b. NPS
NPS - East Sussex,NPS - East Sussex,NPS-South East and Eastern,NPS - East Sussex,South East & Eastern,,South East & Eastern,b. NPS
NPS - Eastern Herts,NPS - Eastern Herts,NPS-South East and Eastern,NPS - Eastern Herts,South East & Eastern,,South East & Eastern,b. NPS
NPS - Harrow & Hillingdon,NPS - Harrow & Hillingdon,PS-London,NPS - Harrow & Hillingdon,London,,London,b. NPS
NPS - Ipswich & Bury St Edmunds,NPS - Ipswich & Bury St Edmunds,NPS-South East and Eastern,NPS - Ipswich & Bury St Edmunds,South East & Eastern,,South East & Eastern,b. NPS
NPS - Kent,NPS - Kent,PS-Kent Surrey Sussex,NPS - Kent,South East & Eastern,,Kent Surrey Sussex,b. NPS
NPS - Luton,NPS - Luton,NPS-South East and Eastern,NPS - Luton,South East & Eastern,,South East & Eastern,b. NPS
NPS - Manchester City Central,NPS - Manchester City Central,PS-Greater Manchester,NPS - Manchester City Central,North West,,Greater Manchester,b. NPS
NPS - Mansfield and Ashfield,NPS - Mansfield and Ashfield,NPS-Midlands,NPS - Mansfield and Ashfield,Midlands,,Midlands,b. NPS
NPS - Mid Essex,NPS - Mid Essex,NPS-South East and Eastern,NPS - Mid Essex,South East & Eastern,,South East & Eastern,b. NPS
NPS - Milton Keynes,NPS - Milton Keynes,NPS-South West & South Central,NPS - Milton Keynes,South West,,South West & South Central,b. NPS
NPS - Norfolk and Suffolk,NPS - Norfolk and Suffolk,PS-East of England,NPS - Norfolk and Suffolk,South East & Eastern,,East of England,b. NPS
NPS - North and East Devon,NPS - North and East Devon,NPS-South West & South Central,NPS - North and East Devon,South West,,South West & South Central,b. NPS
NPS - North East Essex,NPS - North East Essex,NPS-South East and Eastern,NPS - North East Essex,South East & Eastern,,South East & Eastern,b. NPS
NPS - North Kent,NPS - North Kent,NPS-South East and Eastern,NPS - North Kent,South East & Eastern,,South East & Eastern,b. NPS
NPS - North Northants,NPS - North Northants,NPS-South East and Eastern,NPS - North Northants,South East & Eastern,,South East & Eastern,b. NPS
NPS - North West Lancashire,NPS - North West Lancashire,PS-North West,NPS - North West Lancashire,North West,,North West,b. NPS
NPS - Norwich & Kings Lynn,NPS - Norwich & Kings Lynn,NPS-South East and Eastern,NPS - Norwich & Kings Lynn,South East & Eastern,,South East & Eastern,b. NPS
NPS - Nottingham City,NPS - Nottingham City,NPS-Midlands,NPS - Nottingham City,Midlands,,Midlands,b. NPS
NPS - Nth Somerset,NPS - Nth Somerset,PS-South West,NPS - Nth Somerset,South West,,South West,b. NPS
NPS - Oxfordshire,NPS - Oxfordshire,NPS-South West & South Central,NPS - Oxfordshire,South West,,South West & South Central,b. NPS
NPS - Peterborough,NPS - Peterborough,NPS-South East and Eastern,NPS - Peterborough,South East & Eastern,,South East & Eastern,b. NPS
NPS - Plymouth,NPS - Plymouth,NPS-South West & South Central,NPS - Plymouth,South West,,South West & South Central,b. NPS
"NPS - Plymouth, Cornwall & IOS","NPS - Plymouth, Cornwall & IOS",PS-South West,"NPS - Plymouth, Cornwall & IOS",South West,,South West,b. NPS
"NPS - Ports, Soton & IOW","NPS - Ports, Soton & IOW",PS-South Central,"NPS - Ports, Soton & IOW",South West,,South Central,b. NPS
NPS - Portsmouth & Isle of Wight,NPS - Portsmouth & Isle of Wight,NPS-South West & South Central,NPS - Portsmouth & Isle of Wight,South West,,South West & South Central,b. NPS
NPS - Redbridge & Waltham Forest,NPS - Redbridge & Waltham Forest,PS-London,NPS - Redbridge & Waltham Forest,London,,London,b. NPS
NPS - Somerset & North Somerset,NPS - Somerset & North Somerset,NPS-South West & South Central,NPS - Somerset & North Somerset,South West,,South West & South Central,b. NPS
NPS - South Devon,NPS - South Devon,NPS-South West & South Central,NPS - South Devon,South West,,South West & South Central,b. NPS
NPS - South East Essex and Southend,NPS - South East Essex and Southend,NPS-South East and Eastern,NPS - South East Essex and Southend,South East & Eastern,,South East & Eastern,b. NPS
NPS - South Essex,NPS - South Essex,NPS-South East and Eastern,NPS - South Essex,South East & Eastern,,South East & Eastern,b. NPS
NPS - South Nottinghamshire,NPS - South Nottinghamshire,NPS-Midlands,NPS - South Nottinghamshire,Midlands,,Midlands,b. NPS
NPS - South Wales 1,NPS - South Wales 1,PS-Wales,NPS - South Wales 1,Wales,,Wales,b. NPS
NPS - South Wales 2,NPS - South Wales 2,PS-Wales,NPS - South Wales 2,Wales,,Wales,b. NPS
NPS - Southampton,NPS - Southampton,NPS-South West & South Central,NPS - Southampton,South West,,South West & South Central,b. NPS
NPS - Sth Glos,NPS - Sth Glos,PS-South West,NPS - Sth Glos,South West,,South West,b. NPS
NPS - Surrey and West Sussex,NPS - Surrey and West Sussex,NPS-South East and Eastern,NPS - Surrey and West Sussex,South East & Eastern,,South East & Eastern,b. NPS
NPS - Sussex,NPS - Sussex,PS-Kent Surrey Sussex,NPS - Sussex,South East & Eastern,,Kent Surrey Sussex,b. NPS
NPS - Thurrock,NPS - Thurrock,NPS-South East and Eastern,NPS - Thurrock,South East & Eastern,,South East & Eastern,b. NPS
NPS - Waveney,NPS - Waveney,NPS-South East and Eastern,NPS - Waveney,South East & Eastern,,South East & Eastern,b. NPS
NPS - West Berkshire,NPS - West Berkshire,NPS-South West & South Central,NPS - West Berkshire,South West,,South West & South Central,b. NPS
NPS - West Brent,NPS - West Brent,PS-London,NPS - West Brent,London,,London,b. NPS
NPS - West Essex,NPS - West Essex,NPS-South East and Eastern,NPS - West Essex,South East & Eastern,,South East & Eastern,b. NPS
NPS - West Northants,NPS - West Northants,NPS-South East and Eastern,NPS - West Northants,South East & Eastern,,South East & Eastern,b. NPS
NPS - West Sussex,NPS - West Sussex,NPS-South East and Eastern,NPS - West Sussex,South East & Eastern,,South East & Eastern,b. NPS
NPS - West Wales,NPS - West Wales,PS-Wales,NPS - West Wales,Wales,,Wales,b. NPS
NPS - Western Herts,NPS - Western Herts,NPS-South East and Eastern,NPS - Western Herts,South East & Eastern,,South East & Eastern,b. NPS
PS - Oldham,PS - Oldham,PS-Greater Manchester,Oldham,Greater Manchester,,Greater Manchester,b. PS
PS - Oxfordshire,PS - Oxfordshire,PS-South Central,Oxfordshire,South Central,,South Central,b. PS
PS - Plymouth,PS - Plymouth,PS-South West,Plymouth,South West,,South West,b. PS
PS - Portsmouth and IoW,PS - Portsmouth and IoW,PS-South Central,Portsmouth and IoW,South Central,,South Central,b. PS
PS - Preston,PS - Preston,PS-North West,Preston,North West,,North West,b. PS
PS - Redbridge,PS - Redbridge,PS-London,Redbridge,London,,London,b. PS
PS - Redcar Cleveland,PS - Redcar Cleveland,PS-North East,Redcar Cleveland,North East,,North East,b. PS
PS - Rochdale,PS - Rochdale,PS-Greater Manchester,Rochdale,Greater Manchester,,Greater Manchester,b. PS
PS - Rotherham,PS - Rotherham,PS-Yorkshire and The Humber,Rotherham,Yorkshire and The Humber,,Yorkshire and The Humber,b. PS
PS - Salford,PS - Salford,PS-Greater Manchester,Salford,Greater Manchester,,Greater Manchester,b. PS
PS - Sandwell,PS - Sandwell,PS-West Midlands,Sandwell,West Midlands,,West Midlands,b. PS
PS - Sefton,PS - Sefton,PS-North West,Sefton,North West,,North West,b. PS
PS - Sheffield,PS - Sheffield,PS-Yorkshire and The Humber,Sheffield,Yorkshire and The Humber,,Yorkshire and The Humber,b. PS
PS - Shropshire,PS - Shropshire,PS-West Midlands,Shropshire,West Midlands,,West Midlands,b. PS
PS - Skelmersdale,PS - Skelmersdale,PS-North West,Skelmersdale,North West,,North West,b. PS
PS - Solihull,PS - Solihull,PS-West Midlands,Solihull,West Midlands,,West Midlands,b. PS
PS - Somerset,PS - Somerset,PS-South West,Somerset,South West,,South West,b. PS
PS - South Durham,PS - South Durham,PS-North East,South Durham,North East,,North East,b. PS
PS - South of Tyne Central,PS - South of Tyne Central,PS-North East,South of Tyne Central,North East,,North East,b. PS
PS - South Tyneside,PS - South Tyneside,PS-North East,South Tyneside,North East,,North East,b. PS
South Wales,South Wales,Wales,South Wales                                                              ,Wales,,Wales,a. Probation Trust
South Yorkshire,South Yorkshire,Yorkshire and Humberside,South Yorkshire                                                          ,North East,,Yorkshire and The Humber,a. Probation Trust
"PS - Southampton, Eastleigh and New Forest","PS - Southampton, Eastleigh and New Forest",PS-South Central,"Southampton, Eastleigh and New Forest",South Central,,South Central,b. PS
PS - Southwark,PS - Southwark,PS-London,Southwark,London,,London,b. PS
PS - St Helens,PS - St Helens,PS-North West,St Helens,North West,,North West,b. PS
PS - Staffordshire,PS - Staffordshire,PS-West Midlands,Staffordshire,West Midlands,,West Midlands,b. PS
Staffordshire,Staffordshire,Staffordshire and West Midlands,Staffordshire                                                            ,Midlands,,West Midlands,a. Probation Trust
PS - Stockport,PS - Stockport,PS-Greater Manchester,Stockport,Greater Manchester,,Greater Manchester,b. PS
PS - Stockton,PS - Stockton,PS-North East,Stockton,North East,,North East,b. PS
PS - Stoke,PS - Stoke,PS-West Midlands,Stoke,West Midlands,,West Midlands,b. PS
PS - Suffolk,PS - Suffolk,PS-East of England,Suffolk,East of England,,East of England,b. PS
Suffolk,Suffolk,East of England,Suffolk                                                                  ,South East & Eastern,,East of England,a. Probation Trust
PS - Sunderland,PS - Sunderland,PS-North East,Sunderland,North East,,North East,b. PS
PS - Surrey,PS - Surrey,PS-Kent Surrey Sussex,Surrey,Kent Surrey Sussex,,Kent Surrey Sussex,b. PS
Surrey,Surrey,South East,Surrey                                                                   ,South East & Eastern,,South East,a. Probation Trust
Sussex,Sussex,South East,Sussex                                                                   ,South East & Eastern,,South East,a. Probation Trust
"PS - Swansea, Neath and Port-Talbot","PS - Swansea, Neath and Port-Talbot",PS-Wales,"Swansea, Neath and Port-Talbot",Wales,,Wales,b. PS
PS - Swindon and Wiltshire,PS - Swindon and Wiltshire,PS-South West,Swindon and Wiltshire,South West,,South West,b. PS
PS - Tameside,PS - Tameside,PS-Greater Manchester,Tameside,Greater Manchester,,Greater Manchester,b. PS
PS - Telford,PS - Telford,PS-West Midlands,Telford,West Midlands,,West Midlands,b. PS
Thames Valley,Thames Valley,South East,Thames Valley                                                            ,South West,,South East,a. Probation Trust
PS - Tower Hamlets,PS - Tower Hamlets,PS-London,Tower Hamlets,London,,London,b. PS
PS - Trafford,PS - Trafford,PS-Greater Manchester,Trafford,Greater Manchester,,Greater Manchester,b. PS
PS - Wakefield,PS - Wakefield,PS-Yorkshire and The Humber,Wakefield,Yorkshire and The Humber,,Yorkshire and The Humber,b. PS
NSD - Wales and South West (Cardiff Worle),NSD - Wales and South West (Cardiff Worle),National Security Division,Wales and South West (Cardiff Worle),National Security Division,,National Security Division,b. PS
PS - Walsall,PS - Walsall,PS-West Midlands,Walsall,West Midlands,,West Midlands,b. PS
PS - Waltham Forest,PS - Waltham Forest,PS-London,Waltham Forest,London,,London,b. PS
PS - Wandsworth,PS - Wandsworth,PS-London,Wandsworth,London,,London,b. PS
PS - Warrington,PS - Warrington,PS-North West,Warrington,North West,,North West,b. PS
PS - Warwickshire,PS - Warwickshire,PS-West Midlands,Warwickshire,West Midlands,,West Midlands,b. PS
Warwickshire,Warwickshire,West Midlands,Warwickshire                                                             ,Midlands,,West Midlands,a. Probation Trust
PS - West Berkshire,PS - West Berkshire,PS-South Central,West Berkshire,South Central,,South Central,b. PS
PS - West Cheshire,PS - West Cheshire,PS-North West,West Cheshire,North West,,North West,b. PS
PS - West Kent,PS - West Kent,PS-Kent Surrey Sussex,West Kent,Kent Surrey Sussex,,Kent Surrey Sussex,b. PS
West Mercia,West Mercia,West Midlands,West Mercia                                                              ,Midlands,,West Midlands,a. Probation Trust
West Midlands,West Midlands,Staffordshire and West Midlands,West Midlands                                                            ,Midlands,,West Midlands,a. Probation Trust
PS - West Sussex,PS - West Sussex,PS-Kent Surrey Sussex,West Sussex,Kent Surrey Sussex,,Kent Surrey Sussex,b. PS
West Yorkshire,West Yorkshire,Yorkshire and Humberside,West Yorkshire                                                           ,North East,,Yorkshire and The Humber,a. Probation Trust
PS - Wigan,PS - Wigan,PS-Greater Manchester,Wigan,Greater Manchester,,Greater Manchester,b. PS
Wiltshire,Wiltshire,South West,Wiltshire                                                                ,South West,,South West,a. Probation Trust
PS - Wirral,PS - Wirral,PS-North West,Wirral,North West,,North West,b. PS
PS - Wolverhampton,PS - Wolverhampton,PS-West Midlands,Wolverhampton,West Midlands,,West Midlands,b. PS
PS - Worcestershire,PS - Worcestershire,PS-West Midlands,Worcestershire,West Midlands,,West Midlands,b. PS
PS - York,PS - York,PS-Yorkshire and The Humber,York,Yorkshire and The Humber,,Yorkshire and The Humber,b. PS
YOT - See Comments,YOT - See Comments,Not Specified,YOT - See Comments,Unassigned,,Unassigned,b. PS
Central Audit,Central Audit,Not Specified,Central Audit,Central Audit,,Unassigned,
Greater Manchester - Norfolk,Greater Manchester - Norfolk,North West,Greater Manchester,North West,,North West,b. PS
NSD - South Central and East (Reading Stevenage),NSD - South Central and East (Reading Stevenage),National Security Division,National Security Division,National Security Division,,National Security Division,b. PS
Regional CT Admin,Regional CT Admin,PS-CT,,,,Unassigned,
NPS - Bournemouth,NPS - Bournemouth,NPS-South West & South Central,NPS - Bournemouth & Poole,South West,,South West & South Central,b. NPS
NPS - North & West Cumbria,NPS - North & West Cumbria,PS-North West,Cumbria,North West,,North West,b. PS
NPS - South Cumbria,NPS - South Cumbria,PS-North West,Cumbria,North West,,North West,b. PS
NPS - Swindon,PS - Swindon and Wiltshire,PS-South West,Swindon and Wiltshire,South West,,South West,b. PS
NPS - Weymouth,NPS - Weymouth,PS-South West,Dorset,South West,,South West,b. PS
NPS - Wiltshire,PS - Swindon and Wiltshire,PS-South West,Swindon and Wiltshire,South West,,South West,b. PS
PS - Barrow,PS - Barrow,PS-North West,Barrow,North West,,North West,b. PS
PS - Carlisle,PS - Carlisle,PS-North West,Carlisle,North West,,North West,b. PS
PS - Accrington,PS - Accrington,PS-North West,Accrington,North West,,North West,b. PS
PS - Workington,PS - Workington,PS-North West,Workington,North West,,North West,b. PS
PS - Kendal,PS - Kendal,PS-North West,Kendal,North West,,North West,b. PS
